서울시 기준일,서울시 확진자,서울시 추가 확진,서울시 치료중,서울시 퇴원,서울시 추가 퇴원,서울시 사망,서울시 의심환자 전체,서울시 의심환자 검사중,서울시 의심환자 검사결과(음성),전국 기준일,전국 확진,전국 추가 확진,전국 치료중,전국 퇴원,전국 사망,전국 의심환자 전체,전국 의심환자 검사중,전국 의심환자 검사결과(음성),자가격리자 해외입국자 감시중,자가격리자 해외입국자 감시해제,자가격리자 접촉자 감시중,자가격리자 접촉자 감시해제,확인중 확진자,서울시 당일사망자,전국 당일 사망자
2021.11.04,122789,946,12105,109870,719,814,,,,2021.11.04,373120,2482,28316,341888,2916,,,,,,,,0,,
2021.11.05,123769,980,12217,110734,864,818,,,,2021.11.05,375464,2344,29291,343237,2936,,,,,,,,0,,
2021.11.06,124685,916,12221,111642,908,822,,,,2021.11.06,377712,2248,29190,345566,2956,,,,,,,,0,,
2021.11.07,125533,848,12642,112063,421,828,,,,2021.11.07,379935,2224,30167,346801,2967,,,,,,,,0,,
2021.11.08,126241,709,12994,112414,351,833,,,,2021.11.08,381694,1760,30915,347799,2980,,,,,,,,0,,
2021.11.09,126901,662,12604,113457,1043,840,,,,2021.11.09,383407,1715,29751,350658,2998,,,,,,,,0,,
2021.11.10,127874,973,12527,114503,1046,844,,,,2021.11.10,385831,2425,29879,352940,3012,,,,,,,,0,,
2021.11.11,128878,1004,12946,115077,574,855,,,,2021.11.11,388351,2520,30304,355014,3033,,,,,,,,0,,
2021.11.12,129827,949,13272,115694,617,861,,,,2021.11.12,390719,2368,31053,356615,3051,,,,,,,,0,,
2021.11.13,130831,1005,13335,116627,933,869,,,,2021.11.13,393042,2325,30406,359553,3083,,,,,,,,0,,
2021.11.14,131809,978,13858,117075,448,876,,,,2021.11.14,395460,2419,31466,360891,3103,,,,,,,,0,,
2021.11.15,132668,859,14001,117788,713,879,,,,2021.11.15,397466,2006,31517,362834,3115,,,,,,,,0,,
2021.11.16,133513,846,14057,118566,778,890,,,,2021.11.16,399591,2125,31955,364499,3137,,,,,,,,0,,
2021.11.17,134948,1436,14679,119371,805,898,,,,2021.11.17,402775,3187,33528,366089,3158,,,,,,,,0,,
2021.11.18,136376,1429,15288,120176,805,912,,,,2021.11.18,406065,3292,35300,367578,3187,,,,,,,,0,,
2021.11.19,137777,1401,16171,120680,504,926,,,,2021.11.19,409099,3034,37161,368723,3215,,,,,,,,0,,
2021.11.20,139154,1377,16298,121915,1235,941,,,,2021.11.20,412311,3212,34684,374383,3244,,,,,,,,0,,
2021.11.21,140470,1320,16919,122599,684,952,,,,2021.11.21,415425,3120,36396,375755,3274,,,,,,,,0,,
2021.11.22,141748,1278,17857,122931,332,960,,,,2021.11.22,418252,2827,38248,376706,3298,,,,,,,,0,,
2021.11.23,142913,1165,17992,123948,1017,973,,,,2021.11.23,420950,2699,39061,378561,3328,,,,,,,,0,,
2021.11.24,144647,1735,18685,124968,1020,994,,,,2021.11.24,425065,4116,41325,380377,3363,,,,,,,,0,,
2021.11.25,146406,1760,19674,125728,760,1004,,,,2021.11.25,429002,3938,43750,381851,3401,,,,,,,,0,,
2021.11.26,148147,1742,20461,126661,933,1025,,,,2021.11.26,432901,3901,45910,383551,3440,,,,,,,,0,,
2021.11.27,150035,1888,20760,128229,1568,1046,,,,2021.11.27,436968,4068,43335,390141,3492,,,,,,,,0,,
2021.11.28,151711,1676,21845,128794,565,1072,,,,2021.11.28,440896,3928,45037,392311,3548,,,,,,,,0,,
2021.11.29,153100,1393,22712,129304,510,1084,,,,2021.11.29,444200,3309,47003,393617,3580,,,,,,,,0,,
2021.11.30,154286,1186,22618,130568,1264,1100,,,,2021.11.30,447230,3032,47536,396070,3624,,,,,,,,0,,
2021.12.01,156507,2222,23527,131867,1299,1113,,,,2021.12.01,452350,5123,50368,398323,3659,,,,,,,,0,,
2021.12.02,158774,2268,24441,133197,1330,1136,,,,2021.12.02,457612,5266,53322,400585,3705,,,,,,,,0,,
2021.12.03,160873,2099,24639,135086,1889,1148,,,,2021.12.03,462555,4944,55397,403419,3739,,,,,,,,0,,
2021.12.04,163146,2273,25818,136150,1064,1178,,,,2021.12.04,467907,5352,58555,405543,3809,,,,,,,,0,,
2021.12.05,165178,2032,27347,136638,488,1193,,,,2021.12.05,473034,5128,62007,407175,3852,,,,,,,,0,,
2021.12.06,166586,1408,27834,137538,900,1214,,,,2021.12.06,477358,4325,64424,409041,3893,,,,,,,,0,,
2021.12.07,168705,2120,28838,138628,1090,1239,,,,2021.12.07,482310,4954,66995,411358,3957,,,,,,,,0,,
2021.12.08,171606,2901,30589,139754,1126,1263,,,,2021.12.08,489484,7175,71724,413740,4020,,,,,,,,0,,
2021.12.09,174396,2790,31341,141775,2021,1280,,,,2021.12.09,496584,7102,68287,424220,4077,,,,,,,,0,,
2021.12.10,177196,2800,33280,142612,837,1304,,,,2021.12.10,503606,7022,73035,426441,4130,,,,,,,,0,,
2021.12.11,180031,2835,34754,143949,1337,1328,,,,2021.12.11,510583,6977,77117,429256,4210,,,,,,,,0,,
2021.12.12,182558,2528,36271,144947,998,1340,,,,2021.12.12,512976,6689,77117,431606,4253,,,,,,,,0,,
2021.12.13,185108,2550,38113,145639,692,1356,,,,2021.12.13,523088,5817,85231,433564,4293,,,,,,,,0,,
2021.12.14,187169,2062,39511,146263,624,1395,,,,2021.12.14,528652,5567,88724,435541,4387,,,,,,,,0,,
2021.12.15,190332,3166,40772,148142,1879,1418,,,,2021.12.15,536495,7850,89746,442293,4456,,,,,,,,0,,
2021.12.16,193389,3057,43353,148598,456,1438,,,,2021.12.16,544117,7622,94629,444970,4518,,,,,,,,0,,
2021.12.17,196234,2846,43972,150801,2203,1461,,,,2021.12.17,551551,7435,98151,448809,4591,,,,,,,,0,,
2021.12.18,199028,2794,45569,151980,1179,1479,,,,2021.12.18,558864,7314,102883,451337,4644,,,,,,,,0,,
2021.12.19,201347,2320,46849,152995,1179,1503,,,,2021.12.19,565098,6236,106350,454026,4722,,,,,,,,0,,
2021.12.20,203255,1908,48246,153488,1179,1521,,,,2021.12.20,570414,5318,109512,456126,4776,,,,,,,,0,,
2021.12.21,205249,1994,48436,155276,1179,1537,,,,2021.12.21,575615,5202,111159,459628,4828,,,,,,,,0,,
2021.12.22,208048,2805,49585,156894,1179,1569,,,,2021.12.22,583065,7456,114758,463401,4906,,,,,,,,0,,
2021.12.23,210768,2720,48540,160630,1179,1598,,,,2021.12.23,589978,6919,115908,469055,5015,,,,,,,,0,,
2021.12.24,213114,2346,47411,164088,1179,1615,,,,2021.12.24,596209,6233,105417,485721,5071,,,,,,,,0,,
2021.12.25,215233,2123,48049,165521,1433,1663,,,,2021.12.25,602045,5842,106926,489943,5176,,,,,,,,0,,
2021.12.26,217150,1917,47820,167649,1433,1681,,,,2021.12.26,607463,5419,108013,494205,5245,,,,,,,,0,,
2021.12.27,218646,1496,48374,168574,925,1698,,,,2021.12.27,611670,4207,109432,496938,5300,,,,,,,,0,,
2021.12.28,219934,1290,48472,169741,925,1721,,,,2021.12.28,615532,3865,109913,500273,5346,,,,,,,,0,,
2021.12.29,221847,1915,48238,171880,925,1729,,,,2021.12.29,620938,5409,110086,505470,5382,,,,,,,,0,,
2021.12.30,223567,1722,47918,173898,925,1751,,,,2021.12.30,625967,5037,110555,509957,5455,,,,,,,,0,,
2021.12.31,225235,1670,47895,175554,925,1786,,,,2021.12.31,630838,4875,111297,513978,5563,,,,,,,,0,,
2022.01.01,226698,1464,47537,177348,925,1813,,,,2022.01.01,635253,4416,111908,517720,5625,,,,,,,,0,,
2022.01.02,227879,1183,47559,178481,925,1839,,,,2022.01.02,639083,3833,112427,520962,5694,,,,,,,,0,,
2022.01.03,228867,993,48539,178481,925,1847,,,,2022.01.03,642207,3129,115515,520962,5730,,,,,,,,0,,
2022.01.04,229801,938,47231,180705,925,1865,,,,2022.01.04,645226,3024,102402,537043,5781,,,,,,,,0,,
2022.01.05,231213,1412,45905,183420,925,1888,,,,2022.01.05,649669,4444,101837,541994,5838,,,,,,,,0,,
2022.01.06,232419,1208,45603,184918,925,1898,,,,2022.01.06,653792,4126,102441,545464,5887,,,,,,,,0,,
2022.01.07,233457,1038,44353,187191,925,1913,,,,2022.01.07,657508,3717,102088,549488,5932,,,,,,,,0,,
2022.01.08,234449,994,44443,188072,925,1934,,,,2022.01.08,661015,3510,105541,549488,5986,,,,,,,,0,,
2022.01.09,235415,966,44060,189400,925,1955,,,,2022.01.09,664391,3376,94034,564320,6037,,,,,,,,0,,
2022.01.10,236192,781,44160,190067,925,1965,,,,2022.01.10,667390,3007,94811,566508,6071,,,,,,,,0,,
2022.01.11,236946,755,43651,191317,925,1978,,,,2022.01.11,670483,3097,94609,569760,6114,,,,,,,,0,,
2022.01.12,238039,1093,44726,191317,925,1996,,,,2022.01.12,674868,4388,97283,571419,6166,,,,,,,,0,,
2022.01.13,239014,978,42659,194346,925,2009,,,,2022.01.13,679030,4167,97057,575763,6210,,,,,,,,0,,
2022.01.14,239950,939,43579,194347,925,2024,,,,2022.01.14,683566,4542,100389,576918,6259,,,,,,,,0,,
2022.01.15,240862,912,42090,196739,925,2033,,,,2022.01.15,687984,4423,101039,580664,6281,,,,,,,,0,,
2022.01.16,241784,925,42215,197525,925,2044,,,,2022.01.16,692174,4194,103197,582667,6310,,,,,,,,0,,
2022.01.17,242574,790,42525,197998,925,2051,,,,2022.01.17,696032,3859,105162,584537,6333,,,,,,,,0,,
2022.01.18,243337,763,43126,198148,925,2063,,,,2022.01.18,700102,4072,108051,585673,6378,,,,,,,,0,,
2022.01.19,244565,1231,42720,199738,925,2107,,,,2022.01.19,705902,5805,110919,588531,6452,,,,,,,,0,,
2022.01.20,245925,1362,43979,199829,925,2117,,,,2022.01.20,712503,6603,116255,589768,6480,,,,,,,,0,,
2022.01.21,247475,1552,42895,202458,925,2122,,,,2022.01.21,719269,6769,118745,594023,6501,,,,,,,,0,,
2022.01.22,249065,1591,44370,202560,925,2135,,,,2022.01.22,726274,7009,124100,595645,6529,,,,,,,,0,,
2022.01.23,250758,1694,43148,205470,925,2140,,,,2022.01.23,733902,7630,131717,595645,6540,,,,,,,,0,,
2022.01.24,252437,1679,44292,205997,925,2148,,,,2022.01.24,741413,7513,132725,602123,6565,,,,,,,,0,,
2022.01.25,254160,1724,45079,206926,925,2155,,,,2022.01.25,749979,8571,139125,604266,6588,,,,,,,,0,,
2022.01.26,257330,3178,46810,208356,1430,2164,,,,2022.01.26,762983,13012,149084,607279,6620,,,,,,,,0,,
2022.01.27,260757,3429,48974,209615,1259,2168,,,,2022.01.27,777497,14518,160103,610740,6654,,,,,,,,0,,
2022.01.28,264748,3991,51397,211182,1567,2169,,,,2022.01.28,793582,16096,172192,614712,6678,,,,,,,,0,,
2022.01.29,268947,4199,54179,212591,1409,2177,,,,2022.01.29,811122,17542,185849,618561,6712,,,,,,,,0,,
2022.01.30,273132,4185,57562,213391,800,2179,,,,2022.01.30,828637,17532,199933,621972,6732,,,,,,,,0,,
2022.01.31,277325,4193,61226,213919,528,2180,,,,2022.01.31,845709,17085,214196,624758,6755,,,,,,,,0,,
2022.02.01,281456,4131,64229,215045,528,2182,,,,2022.02.01,864042,18343,227783,629487,6772,,,,,,,,0,,
2022.02.02,285665,4209,67679,215801,756,2185,,,,2022.02.02,884310,20270,244463,633060,6787,,,,,,,,0,,
2022.02.03,290883,5218,71686,217006,1205,2191,,,,2022.02.03,907214,22907,263242,637160,6812,,,,,,,,0,,
2022.02.04,297043,6160,75826,219023,2017,2194,,,,2022.02.04,934656,27443,285775,642045,6836,,,,,,,,0,,
2022.02.05,305641,8598,82952,220490,1467,2199,,,,2022.02.05,971018,36362,315365,648795,6858,,,,,,,,0,,
2022.02.06,313462,7821,89215,222044,1554,2203,,,,2022.02.06,1009688,38691,348194,654621,6873,,,,,,,,0,,
2022.02.07,320343,6888,94136,224002,1958,2205,,,,2022.02.07,1044963,35286,376974,661103,6886,,,,,,,,0,,
2022.02.08,326253,5910,90964,233080,9078,2209,,,,2022.02.08,1081681,36719,399700,675059,6922,,,,,,,,0,,
2022.02.09,337930,11682,102058,233660,9078,2212,,,,2022.02.09,1131248,49567,404678,719627,6943,,,,,,,,0,,
2022.02.10,349805,11875,109359,238229,9078,2217,,,,2022.02.10,1185361,54122,443050,735348,6963,,,,,,,,0,,
2022.02.11,361336,11531,118679,240433,9078,2224,,,,2022.02.11,1239287,53926,477581,754694,7012,,,,,,,,0,,
2022.02.12,374534,13198,128546,243761,9078,2227,,,,2022.02.12,1294205,54941,516487,770673,7045,,,,,,,,0,,
2022.02.13,386358,11824,137213,246908,9078,2237,,,,2022.02.13,1350630,56431,563829,779720,7081,,,,,,,,0,,
2022.02.14,397957,11599,148010,247705,9078,2242,,,,2022.02.14,1405246,54619,606037,792107,7102,,,,,,,,0,,
2022.02.15,410410,12453,158289,249872,9078,2249,,,,2022.02.15,1462421,57177,652253,803005,7163,,,,,,,,0,,
2022.02.16,429289,18879,174289,252743,9078,2257,,,,2022.02.16,1552851,90443,719873,825776,7202,,,,,,,,0,,
2022.02.17,448977,19689,190836,255877,9078,2264,,,,2022.02.17,1645978,93135,797507,841233,7238,,,,,,,,0,,
2022.02.18,474628,25651,214285,258071,9078,2272,,,,2022.02.18,1755806,109831,896155,852368,7283,,,,,,,,0,,
2022.02.19,497821,23193,232332,263206,9078,2283,,,,2022.02.19,1858009,102211,980960,869695,7354,,,,,,,,0,,
2022.02.20,519923,22102,249992,267644,9078,2287,,,,2022.02.20,1962837,104829,1063143,892289,7405,,,,,,,,0,,
2022.02.21,539938,20018,267846,269795,9078,2297,,,,2022.02.21,2058184,95362,1145606,905128,7450,,,,,,,,0,,
2022.02.22,561744,21807,284506,274931,9078,2307,,,,2022.02.22,2157734,99573,1213335,936891,7508,,,,,,,,0,,
2022.02.23,603209,41467,319533,281356,6425,2320,,,,2022.02.23,2329182,171452,1352051,969524,7607,,,,,,,,0,,
2022.02.24,640379,37172,353319,284729,3373,2331,,,,2022.02.24,2499188,170016,1498820,992679,7689,,,,,,,,0,,
2022.02.25,675993,35614,385677,287973,3244,2343,,,,2022.02.25,2665077,165890,1626910,1030384,7783,,,,,,,,0,,
2022.02.26,712822,36829,418299,292160,4187,2363,,,,2022.02.26,2831283,166209,1766119,1057269,7895,,,,,,,,0,,
2022.02.27,748173,35351,453643,292160,0,2370,,,,2022.02.27,2994841,163566,1929628,1057269,7944,,,,,,,,0,,
2022.02.28,776144,27973,481578,292160,0,2406,,,,2022.02.28,3134456,139626,2069129,1057269,8058,,,,,,,,0,36,0
2022.03.01,804029,27885,498008,303589,11429,2432,,,,2022.03.01,3273449,138993,2098307,1166972,8170,,,,,,,,0,26,0
2022.03.02,850962,46933,544923,303589,0,2450,,,,2022.03.02,3492686,219241,2317448,1166972,8266,,,,,,,,0,18,0
2022.03.03,894637,43675,577919,314250,10661,2468,,,,2022.03.03,3691488,198803,2453100,1229994,8394,,,,,,,,0,18,0
2022.03.04,953906,59269,630185,321219,6969,2502,,,,2022.03.04,3958326,266853,2678332,1271414,8580,,,,,,,,0,34,0
2022.03.05,1007099,53193,677293,327273,6054,2533,,,,2022.03.05,4212652,254327,2896311,1307545,8796,,,,,,,,0,31,0
2022.03.06,1056548,49450,726716,327273,0,2559,,,,2022.03.06,4456264,243628,3139762,1307545,8957,,,,,,,,0,26,0
2022.03.07,1096106,39558,766251,327273,0,2582,,,,2022.03.07,4666977,210716,3350336,1307545,9096,,,,,,,,0,23,0
2022.03.08,1133589,37484,786524,344458,17185,2607,,,,2022.03.08,4869691,202721,3426322,1434083,9286,,,,,,,,0,25,0
2022.03.09,1207803,74222,851572,353601,9143,2630,,,,2022.03.09,5212118,342446,3702016,1500662,9440,,,,,,,,0,23,0
2022.03.10,1274661,66859,918399,353601,0,2661,,,,2022.03.10,5539650,327549,4029342,1500662,9646,,,,,,,,0,31,0
2022.03.11,1331263,56603,974969,353601,0,2693,,,,2022.03.11,5822626,282987,4254654,1558097,9875,,,,,,,,0,32,0
2022.03.12,1411694,80437,1034516,374439,20838,2739,,,,2022.03.12,6206277,383665,4446860,1749273,10144,,,,,,,,0,46,0
2022.03.13,1479502,67814,1102295,374439,0,2768,,,,2022.03.13,6556453,350190,4796785,1749273,10395,,,,,,,,0,29,0
2022.03.14,1536292,56807,1159061,374439,0,2792,,,,2022.03.14,6866222,309790,5106354,1749273,10595,,,,,,,,0,24,0
2022.03.15,1602354,66067,1225081,374439,0,2834,,,,2022.03.15,7228550,362338,5468389,1749273,10888,,,,,,,,0,42,0
2022.03.16,1683745,81395,0,,,2860,,,,2022.03.16,7629275,400741,0,,11052,,,,,,,,0,26,164
2022.03.17,1812116,128375,0,,,2927,,,,2022.03.17,8250592,621266,0,,11484,,,,,,,,0,67,429
2022.03.18,1894113,81997,0,,,2968,,,,2022.03.18,8657609,407017,0,,11782,,,,,,,,0,41,301
2022.03.19,2038438,82132,0,,,3015,,,,2022.03.19,9038938,381454,0,,12101,,,,,,,,0,47,319
2022.03.20,2042110,65870,0,,,3059,,,,2022.03.20,9373646,334708,0,,12428,,,,,,,,0,44,327
2022.03.21,2083188,41078,0,,,3098,,,,2022.03.21,9582815,209169,0,,12757,,,,,,,,0,39,329
2022.03.22,2148186,65033,0,,,3144,,,,2022.03.22,9936540,353980,0,,13141,,,,,,,,0,46,384
2022.03.23,2249310,101133,0,,,3187,,,,2022.03.23,10427247,490881,0,,13432,,,,,,,,0,43,291
2022.03.24,2327080,77770,0,,,3248,,,,2022.03.24,10822836,395598,0,,13902,,,,,,,,0,61,470
2022.03.25,2393995,66943,0,,,3307,,,,2022.03.25,11162232,339514,0,,14294,,,,,,,,0,59,393
2022.03.26,2457986,64026,0,,,3343,,,,2022.03.26,11497711,335531,0,,14617,,,,,,,,0,36,323
2022.03.27,2517137,59151,0,,,3372,,,,2022.03.27,11815841,318130,0,,14899,,,,,,,,0,29,282
2022.03.28,2551327,34190,0,,,3412,,,,2022.03.28,12003054,187213,0,,15186,,,,,,,,0,40,287
2022.03.29,2617360,66079,0,,,3454,,,,2022.03.29,12350428,347554,0,,15423,,,,,,,,0,42,237
2022.03.30,2699163,81824,0,,,3514,,,,2022.03.30,12774956,424641,0,,15855,,,,,,,,0,61,432
2022.03.31,2759294,60131,0,,,3563,,,,2022.03.31,13095631,320743,0,,16230,,,,,,,,0,49,375
2022.04.01,2810973,51717,0,,,3608,,,,2022.04.01,13375818,280273,0,,16590,,,,,,,,0,45,360
2022.04.02,2859633,48673,0,,,3666,,,,2022.04.02,13639915,264103,0,,16929,,,,,,,,0,58,339
2022.04.03,2901742,42109,0,,,3713,,,,2022.04.03,13874216,234301,0,,17235,,,,,,,,0,47,306
2022.04.04,2922636,20894,0,,,3742,,,,2022.04.04,14001406,127190,0,,17453,,,,,,,,0,29,218
2022.04.05,2974084,51500,0,,,3771,,,,2022.04.05,14267401,266135,0,,17662,,,,,,,,0,29,209
2022.04.06,3026503,52430,0,,,3835,,,,2022.04.06,14553644,286294,0,,18033,,,,,,,,0,64,371
2022.04.07,3066376,39888,0,,,3880,,,,2022.04.07,14778405,224820,0,,18381,,,,,,,,0,45,348
2022.04.08,3102577,36212,0,,,3944,,,,2022.04.08,14983694,205333,0,,18754,,,,,,,,0,64,373
2022.04.09,3134889,32320,0,,,4002,,,,2022.04.09,15169189,185566,0,,19092,,,,,,,,0,58,338
2022.04.10,3163790,28901,0,,,4070,,,,2022.04.10,15333670,164481,0,,19421,,,,,,,,0,68,329
2022.04.11,3178037,14247,0,,,4116,,,,2022.04.11,15424598,90928,0,,19676,,,,,,,,0,46,258
2022.04.12,3217532,39518,0,,,4152,,,,2022.04.12,15635274,210755,0,,19850,,,,,,,,0,36,171
2022.04.13,3250603,33076,0,,,4176,,,,2022.04.13,15830644,195419,0,,20034,,,,,,,,0,24,184
2022.04.14,3275574,24976,0,,,4230,,,,2022.04.14,15979061,148443,0,,20352,,,,,,,,0,54,318
2022.04.15,3297020,21450,0,,,4270,,,,2022.04.15,16104869,125846,0,,20616,,,,,,,,0,40,264
2022.04.16,3315132,18118,0,,,4307,,,,2022.04.16,16212751,107916,0,,20889,,,,,,,,0,37,273
2022.04.17,3329937,14805,0,,,4329,,,,2022.04.17,16305752,93001,0,,21092,,,,,,,,0,22,203
2022.04.18,3337282,7345,0,,,4353,,,,2022.04.18,16353495,47743,0,,21224,,,,,,,,0,20,132
2022.04.19,3359097,21819,0,,,4372,,,,2022.04.19,16471940,118504,0,,21354,,,,,,,,0,19,130
2022.04.20,3377399,18322,0,,,4398,,,,2022.04.20,16583220,111319,0,,21520,,,,,,,,0,26,166
2022.04.21,3392583,15192,0,,,4422,,,,2022.04.21,16674045,90867,0,,21667,,,,,,,,0,24,147
2022.04.22,3405751,13191,0,,,4454,,,,2022.04.22,16755055,81058,0,,21873,,,,,,,,0,32,206
2022.04.23,3418098,12352,0,,,4470,,,,2022.04.23,16830469,75449,0,,22024,,,,,,,,0,16,151
2022.04.24,3428475,10377,0,,,4488,,,,2022.04.24,16895194,64725,0,,22133,,,,,,,,0,18,109
2022.04.25,3433238,4763,0,,,4504,,,,2022.04.25,16929564,34370,0,,22243,,,,,,,,0,16,110
2022.04.26,3446789,13560,0,,,4520,,,,2022.04.26,17009856,80361,0,,22325,,,,,,,,0,16,82
2022.04.27,3458306,11517,0,,,4534,,,,2022.04.27,17086626,76787,0,,22466,,,,,,,,0,14,141
2022.04.28,3467402,9109,0,,,4553,,,,2022.04.28,17144065,57464,0,,22588,,,,,,,,0,19,122
2022.04.29,3475126,7726,0,,,4574,,,,2022.04.29,17194616,50568,0,,22724,,,,,,,,0,21,136
2022.04.30,3481581,6455,0,,,4586,,,,2022.04.30,17237878,43286,0,,22794,,,,,,,,0,12,70
2022.05.01,3487043,5462,0,,,4602,,,,2022.05.01,17275649,37771,0,,22875,,,,,,,,0,16,81
2022.05.02,3489696,2653,0,,,4611,,,,2022.05.02,17295733,20084,0,,22958,,,,,,,,0,9,83
2022.05.03,3498346,8709,0,,,4614,,,,2022.05.03,17346753,51131,0,,23007,,,,,,,,0,3,49
2022.05.04,3505780,7436,0,,,4626,,,,2022.05.04,17395791,49064,0,,23079,,,,,,,,0,12,72
2022.05.05,3512421,6645,0,,,4643,,,,2022.05.05,17438068,42296,0,,23158,,,,,,,,0,17,79
2022.05.06,3516017,3596,0,,,4650,,,,2022.05.06,17464782,26714,0,,23206,,,,,,,,0,7,48
2022.05.07,3522657,6641,0,,,4676,,,,2022.05.07,17504334,39600,0,,23289,,,,,,,,0,26,83
2022.05.08,3528636,5979,0,,,4689,,,,2022.05.08,17544398,40064,0,,23360,,,,,,,,0,13,71
2022.05.09,3531351,2715,0,,,4691,,,,2022.05.09,17564999,20601,0,,23400,,,,,,,,0,2,40
2022.05.10,3539483,8142,0,,,4704,,,,2022.05.10,17614895,49933,0,,23462,,,,,,,,0,13,62
2022.05.11,3545685,6208,0,,,4708,,,,2022.05.11,17658794,43925,0,,23491,,,,,,,,0,4,29
2022.05.12,3551375,5695,0,,,4714,,,,2022.05.12,17694677,35906,0,,23554,,,,,,,,0,6,63
2022.05.13,3556545,5178,0,,,4728,,,,2022.05.13,17727086,32451,0,,23606,,,,,,,,0,14,52
2022.05.14,3561307,4764,0,,,4745,,,,2022.05.14,17756627,29581,0,,23661,,,,,,,,0,17,55
2022.05.15,3565332,4025,0,,,4757,,,,2022.05.15,17782061,25434,0,,23709,,,,,,,,0,12,48
2022.05.16,3567016,1684,0,,,4762,,,,2022.05.16,17795357,13296,0,,23744,,,,,,,,0,5,35
2022.05.17,3572888,5889,0,,,4765,,,,2022.05.17,17830429,35117,0,,23771,,,,,,,,0,3,27
2022.05.18,3577930,5043,0,,,4770,,,,2022.05.18,17861744,31352,0,,23802,,,,,,,,0,5,31
2022.05.19,3582481,4557,0,,,4777,,,,2022.05.19,17889849,28130,0,,23842,,,,,,,,0,7,40
2022.05.20,3586586,4110,0,,,4785,,,,2022.05.20,17914957,25125,0,,23885,,,,,,,,0,8,43
2022.05.21,3590173,3589,0,,,4788,,,,2022.05.21,17938399,23462,0,,23911,,,,,,,,0,3,26
2022.05.22,3593076,2903,0,,,4797,,,,2022.05.22,17957697,12928,0,,23965,,,,,,,,0,9,54
2022.05.23,3594289,1213,0,,,4801,,,,2022.05.23,17967672,9975,0,,23987,,,,,,,,0,4,22
2022.05.24,3598555,4272,0,,,4802,,,,2022.05.24,17993985,26344,0,,24006,,,,,,,,0,1,19
2022.05.25,3602133,3586,0,,,4806,,,,2022.05.25,18017923,23956,0,,24029,,,,,,,,0,4,23
2022.05.26,3604920,2788,0,,,4809,,,,2022.05.26,18036720,18816,0,,24063,,,,,,,,0,3,34
2022.05.27,3607946,3032,0,,,4816,,,,2022.05.27,18053287,16584,0,,24103,,,,,,,,0,7,40
2022.05.28,3610221,2278,0,,,4818,,,,2022.05.28,18067669,14398,0,,24139,,,,,,,,0,2,36
2022.05.29,3612239,2018,0,,,4820,,,,2022.05.29,18080323,12654,0,,24518,,,,,,,,0,2,19
2022.05.30,3613359,1120,0,,,4824,,,,2022.05.30,18086462,6139,0,,24167,,,,,,,,0,4,9
2022.05.31,3616699,3340,0,,,4825,,,,2022.05.31,18103638,17191,0,,24176,,,,,,,,0,1,9
2022.06.01,3619622,2926,0,,,4829,,,,2022.06.01,18119415,15797,0,,24197,,,,,,,,0,4,21
2022.06.02,3621445,1823,0,,,4830,,,,2022.06.02,18129313,9898,0,,24212,,,,,,,,0,1,15
2022.06.03,3623883,2442,0,,,4833,,,,2022.06.03,18141835,12542,0,,24229,,,,,,,,0,3,17
2022.06.04,3626136,2254,0,,,4835,,,,2022.06.04,18153851,12048,0,,24238,,,,,,,,0,2,9
2022.06.05,3627855,1719,0,,,4838,,,,2022.06.05,18163686,9835,0,,24258,,,,,,,,0,3,20
2022.06.06,3628593,738,0,,,4840,,,,2022.06.06,18168708,5022,0,,24279,,,,,,,,0,2,21
2022.06.07,3629545,952,0,,,4845,,,,2022.06.07,18174880,6172,0,,24299,,,,,,,,0,5,20
2022.06.08,3632164,2628,0,,,4845,,,,2022.06.08,18188200,13358,0,,24305,,,,,,,,0,0,6
2022.06.09,3634172,2009,0,,,4847,,,,2022.06.09,18200346,12161,0,,24323,,,,,,,,0,2,18
2022.06.10,3635708,1537,0,,,4849,,,,2022.06.10,18209650,9315,0,,24341,,,,,,,,0,2,18
2022.06.11,3637088,1382,0,,,4852,,,,2022.06.11,18218078,8378,0,,24351,,,,,,,,0,3,10
2022.06.12,3638248,1160,0,,,4853,,,,2022.06.12,18225460,7382,0,,24371,,,,,,,,0,1,20
2022.06.13,3638911,663,0,,,4855,,,,2022.06.13,18229288,3828,0,,24388,,,,,,,,0,2,17
2022.06.14,3640674,1764,0,,,4855,,,,2022.06.14,18239056,9778,0,,24390,,,,,,,,0,0,2
2022.06.15,3642362,1690,0,,,4858,,,,2022.06.15,18248479,9435,0,,24399,,,,,,,,0,3,9
2022.06.16,3643911,1549,0,,,4862,,,,2022.06.16,18256457,7994,0,,24407,,,,,,,,0,4,8
2022.06.17,3645189,1280,0,,,4863,,,,2022.06.17,18263643,7198,0,,24416,,,,,,,,0,1,9
2022.06.18,3646432,1245,0,,,4864,,,,2022.06.18,18270481,6842,0,,24427,,,,,,,,0,1,11
2022.06.19,3647540,1108,0,,,4865,,,,2022.06.19,18276552,6071,0,,24441,,,,,,,,0,1,14
2022.06.20,3648259,719,0,,,4868,,,,2022.06.20,18280090,3538,0,,24451,,,,,,,,0,3,10
2022.06.21,3650291,2043,0,,,4875,,,,2022.06.21,18289373,9310,0,,24463,,,,,,,,0,7,12
2022.06.22,3652068,1778,0,,,4878,,,,2022.06.22,18298341,8992,0,,24474,,,,,,,,0,3,11
2022.06.23,3653647,1580,0,,,4881,,,,2022.06.23,18305783,7497,0,,24488,,,,,,,,0,3,14
2022.06.24,3655248,1605,0,,,4882,,,,2022.06.24,18312993,7227,0,,24498,,,,,,,,0,1,10
2022.06.25,3656800,1552,0,,,4885,,,,2022.06.25,18319773,6790,0,,24516,,,,,,,,0,3,18
2022.06.26,3658110,1310,0,,,4886,,,,2022.06.26,18326019,6246,0,,24522,,,,,,,,0,1,6
2022.06.27,3658710,600,0,,,4886,,,,2022.06.27,18329448,3429,0,,24525,,,,,,,,0,0,3
2022.06.28,3661177,2472,0,,,4886,,,,2022.06.28,18339319,9896,0,,24530,,,,,,,,0,0,5
2022.06.29,3663653,2479,0,,,4888,,,,2022.06.29,18349756,10463,0,,24537,,,,,,,,0,2,7
2022.06.30,3665933,2282,0,,,4889,,,,2022.06.30,18359341,9595,0,,24547,,,,,,,,0,1,10
2022.07.01,3668271,2340,0,,,4891,,,,2022.07.01,18368857,9528,0,,24555,,,,,,,,0,2,8
2022.07.02,3671044,2778,0,,,4894,,,,2022.07.02,18379552,10715,0,,24562,,,,,,,,0,3,7
2022.07.03,3673484,2440,0,,,4896,,,,2022.07.03,18389611,10059,0,,24570,,,,,,,,0,2,8
2022.07.04,3674645,1161,0,,,4897,,,,2022.07.04,18395864,6253,0,,24574,,,,,,,,0,1,4
2022.07.05,3679421,4779,0,,,4898,,,,2022.07.05,18413997,18147,0,,24576,,,,,,,,0,1,2
2022.07.06,3684190,4770,0,,,4900,,,,2022.07.06,18433359,19371,0,,24583,,,,,,,,0,2,7
2022.07.07,3688769,4580,0,,,4901,,,,2022.07.07,18451862,18511,0,,24593,,,,,,,,0,1,10
2022.07.08,3693368,4605,0,,,4903,,,,2022.07.08,18471172,19323,0,,24605,,,,,,,,0,2,12
2022.07.09,3698267,4900,0,,,4905,,,,2022.07.09,18491435,20286,0,,24624,,,,,,,,0,2,19
2022.07.10,3703511,5244,0,,,4905,,,,2022.07.10,18511845,20410,0,,24643,,,,,,,,0,0,19
2022.07.11,3706133,2622,0,,,4907,,,,2022.07.11,18524538,12693,0,,24661,,,,,,,,0,2,18
2022.07.12,3715539,9412,0,,,4907,,,,2022.07.12,18561861,37360,0,,24668,,,,,,,,0,0,7
2022.07.13,3724897,9363,0,,,4909,,,,2022.07.13,18602109,40266,0,,24680,,,,,,,,0,2,12
2022.07.14,3734550,9655,0,,,4912,,,,2022.07.14,18641278,39196,0,,24696,,,,,,,,0,3,16
2022.07.15,3743496,8951,0,,,4914,,,,2022.07.15,18680142,38882,0,,24712,,,,,,,,0,2,16
2022.07.16,3752951,9457,0,,,4916,,,,2022.07.16,18721415,41310,0,,24728,,,,,,,,0,2,16
2022.07.17,3761516,8565,0,,,4918,,,,2022.07.17,18761757,40342,0,,24742,,,,,,,,0,2,14
2022.07.18,3766412,4896,0,,,4921,,,,2022.07.18,18788056,26299,0,,24753,,,,,,,,0,3,11
2022.07.19,3784432,18038,0,,,4921,,,,2022.07.19,18861593,73582,0,,24765,,,,,,,,0,0,12
2022.07.20,3801622,17199,0,,,4923,,,,2022.07.20,18937971,76402,0,,24777,,,,,,,,0,2,12
2022.07.21,3818284,16670,0,,,4927,,,,2022.07.21,19009080,71170,0,,24794,,,,,,,,0,4,17
2022.07.22,3833658,15379,0,,,4931,,,,2022.07.22,19077659,68632,0,,24825,,,,,,,,0,4,31
2022.07.23,3848480,14830,0,,,4935,,,,2022.07.23,19146180,68551,0,,24855,,,,,,,,0,4,30
2022.07.24,3862289,13809,0,,,4938,,,,2022.07.24,19211613,65433,0,,24873,,,,,,,,0,3,18
2022.07.25,3868256,5967,0,,,4943,,,,2022.07.25,19247496,35883,0,,24890,,,,,,,,0,5,17
2022.07.26,3891336,23107,0,,,4944,,,,2022.07.26,19346764,99327,0,,24907,,,,,,,,0,1,17
2022.07.27,3911407,20083,0,,,4949,,,,2022.07.27,19446946,100285,0,,24932,,,,,,,,0,5,25
2022.07.28,3929537,18169,0,,,4954,,,,2022.07.28,19535242,88384,0,,24957,,,,,,,,0,5,25
2022.07.29,3947049,17517,0,,,4958,,,,2022.07.29,19620517,85320,0,,24992,,,,,,,,0,4,35
2022.07.30,3963626,16588,0,,,4964,,,,2022.07.30,19702461,82002,0,,25027,,,,,,,,0,6,35
2022.07.31,3977775,14149,0,,,4969,,,,2022.07.31,19776050,73589,0,,25047,,,,,,,,0,5,20
2022.08.01,3985115,7340,0,,,4970,,,,2022.08.01,19820739,44689,0,,25086,,,,,,,,0,1,21
2022.08.02,4009707,24615,0,,,4974,,,,2022.08.02,19932439,111789,0,,25084,,,,,,,,0,4,16
2022.08.03,4032709,23023,0,,,4979,,,,2022.08.03,20052305,119922,0,,25110,,,,,,,,0,5,26
2022.08.04,4052939,20239,0,,,4985,,,,2022.08.04,20160154,107894,0,,25144,,,,,,,,0,6,34
2022.08.05,4073752,20817,0,,,4994,,,,2022.08.05,20273011,112901,0,,25191,,,,,,,,0,9,47
2022.08.06,4093893,20160,0,,,5003,,,,2022.08.06,20383621,110666,0,,25236,,,,,,,,0,9,45
2022.08.07,4112259,18366,0,,,5005,,,,2022.08.07,20489128,105507,0,,25263,,,,,,,,0,2,27
2022.08.08,4120126,7867,0,,,5012,,,,2022.08.08,20544420,55292,0,,25292,,,,,,,,0,7,29
2022.08.09,4149586,29489,0,,,5020,,,,2022.08.09,20694239,149897,0,,25332,,,,,,,,0,8,40
2022.08.10,4175643,26068,0,,,5030,,,,2022.08.10,20845973,151792,0,,25382,,,,,,,,0,10,50
2022.08.11,4200150,24516,0,,,5041,,,,2022.08.11,20983169,137241,0,,25441,,,,,,,,0,11,59
2022.08.12,4222976,22835,0,,,5058,,,,2022.08.12,21111840,128714,0,,25499,,,,,,,,0,17,58
2022.08.13,4244827,21859,0,,,5067,,,,2022.08.13,21236355,124592,0,,25566,,,,,,,,0,9,67
2022.08.14,4264423,19596,0,,,5077,,,,2022.08.14,21355958,119603,0,,25623,,,,,,,,0,10,57
2022.08.15,4272669,8246,0,,,5082,,,,2022.08.15,21418036,62078,0,,25673,,,,,,,,0,5,50
2022.08.16,4285729,13060,0,,,5088,,,,2022.08.16,21502164,84128,0,,25710,,,,,,,,0,6,37
2022.08.17,4318180,32523,0,,,5095,,,,2022.08.17,21682816,180803,0,,25752,,,,,,,,0,7,42
2022.08.18,4346524,28375,0,,,5101,,,,2022.08.18,21861296,178574,0,,25813,,,,,,,,0,6,61
2022.08.19,4367518,21033,0,,,5115,,,,2022.08.19,22000037,138812,0,,25896,,,,,,,,0,14,83
2022.08.20,4387478,19973,0,,,5129,,,,2022.08.20,22129387,129411,0,,25980,,,,,,,,0,14,84
2022.08.21,4404221,16743,0,,,5134,,,,2022.08.21,22240331,110944,0,,26044,,,,,,,,0,5,64
2022.08.22,4411616,7395,0,,,5140,,,,2022.08.22,22299377,59046,0,,26109,,,,,,,,0,6,65
2022.08.23,4437282,25679,0,,,5151,,,,2022.08.23,22449475,150258,0,,26161,,,,,,,,0,11,52
2022.08.24,4457827,20578,0,,,5155,,,,2022.08.24,22588640,139339,0,,26224,,,,,,,,0,4,63
2022.08.25,4475520,17722,0,,,5165,,,,2022.08.25,22701921,113371,0,,26332,,,,,,,,0,10,108
2022.08.26,4491244,15757,0,,,5179,,,,2022.08.26,22802985,101140,0,,26413,,,,,,,,0,14,81
2022.08.27,4505836,14599,0,,,5191,,,,2022.08.27,22898523,95604,0,,26499,,,,,,,,0,12,86
2022.08.28,4518888,13052,0,,,5202,,,,2022.08.28,22983818,85295,0,,26569,,,,,,,,0,11,70
2022.08.29,4524644,5756,0,,,5212,,,,2022.08.29,23026960,43142,0,,26618,,,,,,,,0,10,49
2022.08.30,4545050,20418,0,,,5218,,,,2022.08.30,23142479,115638,0,,26689,,,,,,,,0,6,71
2022.08.31,4560954,15911,0,,,5228,,,,2022.08.31,23246398,103961,0,,26764,,,,,,,,0,10,75
2022.09.01,4574258,13325,0,,,5251,,,,2022.09.01,23327897,81573,0,,26876,,,,,,,,0,23,112
2022.09.02,4589795,15564,0,,,5263,,,,2022.09.02,23417425,89586,0,,26940,,,,,,,,0,12,64
2022.09.03,4603647,13899,0,,,5277,,,,2022.09.03,23497048,79746,0,,27014,,,,,,,,0,14,74
2022.09.04,4615586,11939,0,,,5290,,,,2022.09.04,23569192,72144,0,,27093,,,,,,,,0,13,79
2022.09.05,4620905,5319,0,,,5296,,,,2022.09.05,23606740,37548,0,,27149,,,,,,,,0,6,56
2022.09.06,4639649,18779,0,,,5300,,,,2022.09.06,23706477,99837,0,,27193,,,,,,,,0,4,44
2022.09.07,4654166,14538,0,,,5313,,,,2022.09.07,23791961,85540,0,,27249,,,,,,,,0,13,56
2022.09.08,4667217,13066,0,,,5319,,,,2022.09.08,23864560,72646,0,,27313,,,,,,,,0,6,64
2022.09.09,4679529,12315,0,,,5332,,,,2022.09.09,23933949,69410,0,,27381,,,,,,,,0,13,68
2022.09.10,4685610,6081,0,,,5339,,,,2022.09.10,23976673,42724,0,,27429,,,,,,,,0,7,48
2022.09.11,4690417,4807,0,,,5352,,,,2022.09.11,24004887,28214,0,,27476,,,,,,,,0,13,47
2022.09.12,4696706,6289,0,,,5354,,,,2022.09.12,24041825,36938,0,,27498,,,,,,,,0,2,22
2022.09.13,4706258,9552,0,,,5358,,,,2022.09.13,24099134,57309,0,,27533,,,,,,,,0,4,35
2022.09.14,4723634,17384,0,,,5368,,,,2022.09.14,24193038,93981,0,,27593,,,,,,,,0,10,60
2022.09.15,4735448,11819,0,,,5375,,,,2022.09.15,24264470,71471,0,,27665,,,,,,,,0,7,72
2022.09.16,4744665,9225,0,,,5381,,,,2022.09.16,24316302,51874,0,,27725,,,,,,,,0,6,60
2022.09.17,4752318,7659,0,,,5388,,,,2022.09.17,24359702,43457,0,,27782,,,,,,,,0,7,57
2022.09.18,4758288,5970,0,,,5394,,,,2022.09.18,24394466,34764,0,,27828,,,,,,,,0,6,46
